film,ICSD?,band gap (eV),n,stability,B,mu,nsites,elements,MW,density,CTE,x-tal,a,film orientation,film lattice parameter,% strain,sub_orientation,substrate
Zn(FeO2)2,true,1.6686,0.0,stable,163.7429845788235,0.30812620982463057,7.0,"['O', 'Fe', 'Zn']",241.07600000000002,5.335785441202922,14.35143197969432,spinel,8.436,(100)/2,4.218,0.047438330170772765,(100),MgO
Cr2NiO4,true,0.0,0.0,metastable,0.0,0.0,7.0,"['Cr', 'Ni', 'O']",226.681,4.944787952201782,0.0,spinel,5.967,(110)/2,4.219306163340129,0.07841943406378632,(100),MgO
BaZrO3,true,3.0377,2.22,stable,148.8673335545741,0.24430523124117665,5.0,"['Ba', 'Zr', 'O']",276.548,6.143794292287296,9.138679511364195,perovskite,4.212,(100),4.212,0.0948766603415666,(100),MgO
Cr2FeO4,true,0.0,2.271,metastable,0.0,0.0,7.0,"['Cr', 'Fe', 'O']",223.833,5.039692474469243,0.0,spinel,5.969,(110)/2,4.220720376902503,0.11196339901572154,(100),MgO
Fe2CoO4,true,1.5511,2.338,metastable,0.0,0.0,7.0,"['Fe', 'Co', 'O']",234.619,5.172426779272635,0.0,spinel,8.446,(100)/2,4.223,0.1660341555977152,(100),MgO
ZrPbO3,true,2.2792000000000003,0.0,metastable,0.0,0.0,5.0,"['Zr', 'Pb', 'O']",346.421,7.715050540923727,0.0,perovskite,4.209,(100),4.209,0.16603415559773627,(100),MgO
Mg(FeO2)2,true,0.0,0.0,metastable,0.0,0.0,7.0,"['O', 'Fe', 'Mg']",199.991,4.420157590310147,0.0,spinel,5.949,(110)/2,4.206578241278772,0.2234762505035255,(100),MgO
N2O,true,3.3297,0.0,metastable,0.0,0.0,3.0,"['N', 'O']",44.013,1.3902421527598678,0.0,fluorite,5.947,(110)/2,4.205164027716399,0.2570202154554396,(100),MgO
MnCr2O4,true,2.2026,0.0,stable,0.0,0.0,7.0,"['Mn', 'Cr', 'O']",222.92600000000002,4.9004860965885175,0.0,spinel,8.455,(100)/2,4.2275,0.2727703984819697,(100),MgO
SrZrO3,true,3.3637000000000006,2.157,metastable,0.0,0.0,5.0,"['Sr', 'Zr', 'O']",226.841,5.090274630005099,0.0,perovskite,8.397,(100)/2,4.1985,0.4150853889943091,(100),MgO
Ca3PbO,true,0.0,0.0,stable,0.0,0.0,5.0,"['Ca', 'Pb', 'O']",343.433,5.0114095664170915,0.0,perovskite,4.846,(111)/2,4.19675910673939,0.456377923638764,(100),MgO
Fe2NiO4,true,0.0,0.0,metastable,0.0,0.0,7.0,"['Fe', 'Ni', 'O']",234.379,5.105879374243736,0.0,spinel,8.48,(100)/2,4.24,0.5692599620493364,(100),MgO
Mg2VO4,true,0.0,0.0,metastable,0.0,0.0,7.0,"['Mg', 'V', 'O']",163.548,3.604350588449166,0.0,spinel,5.928,(110)/2,4.191728998873854,0.575687882498719,(100),MgO
Fe2GeO4,true,1.4076999999999997,2.168,stable,0.0,0.0,7.0,"['Fe', 'Ge', 'O']",248.326,5.601316735348606,0.0,spinel,8.382,(100)/2,4.191,0.5929791271347333,(100),MgO
Al(FeO2)2,true,0.0,0.0,metastable,0.0,0.0,7.0,"['O', 'Fe', 'Al']",202.668,4.585170938852514,0.0,spinel,8.374,(100)/2,4.187,0.6878557874762787,(100),MgO
MgTi2O4,true,0.0,0.0,metastable,161.57732332904004,0.34634825622023924,7.0,"['Mg', 'Ti', 'O']",184.035,3.9903886891526517,16.413906524752722,spinel,8.493,(100)/2,4.2465,0.7234345351043636,(100),MgO
Co(RhO2)2,true,0.0,3.122,stable,0.0,0.0,7.0,"['Rh', 'O', 'Co']",328.741,7.1021239049087175,0.0,spinel,8.504,(100)/2,4.252,0.8538899430739939,(100),MgO
MgCr2O4,true,2.5264000000000006,2.106,stable,0.0,0.0,7.0,"['Mg', 'Cr', 'O']",192.293,4.371846305109737,0.0,spinel,8.36,(100)/2,4.18,0.8538899430740151,(100),MgO
Ca3SnO,true,0.0,0.0,stable,0.0,0.0,5.0,"['Ca', 'Sn', 'O']",254.943,3.765300110312062,0.0,perovskite,4.826,(111)/2,4.1794385986637,0.8672059140488624,(100),MgO
AlV2O4,true,0.0,0.0,metastable,0.0,0.0,7.0,"['Al', 'V', 'O']",192.862,4.491798528939052,0.0,spinel,5.906,(110)/2,4.17617264968775,0.9446714969698802,(100),MgO
Mn2NiO4,true,0.0,0.0,metastable,0.0,0.0,7.0,"['Mn', 'Ni', 'O']",232.56500000000003,5.003011647141353,0.0,spinel,8.516,(100)/2,4.258,0.9962049335863332,(100),MgO
Cr2CoO4,true,2.6060000000000003,0.0,stable,0.0,0.0,7.0,"['Cr', 'Co', 'O']",226.92100000000002,5.183634917332189,0.0,spinel,8.347,(100)/2,4.1735,1.0080645161290422,(100),MgO
Mn2CuO4,true,0.0,0.0,metastable,0.0,0.0,7.0,"['Mn', 'Cu', 'O']",237.418,5.10312110400582,0.0,spinel,8.518,(100)/2,4.259,1.0199240986717302,(100),MgO
ZnCr2O4,true,0.0,2.237,stable,0.0,0.0,7.0,"['Zn', 'Cr', 'O']",233.37800000000001,5.33695726922689,0.0,spinel,8.344,(100)/2,4.172,1.0436432637571271,(100),MgO
Zn(GaO2)2,true,2.3104999999999998,2.054,stable,168.53079326838315,0.3004620824739795,7.0,"['O', 'Ga', 'Zn']",268.832,6.151538832288072,14.031352580647226,spinel,8.342,(100)/2,4.171,1.067362428842503,(100),MgO
Fe2SiO4,true,2.7099,0.0,metastable,181.129203472695,0.3240778691879941,7.0,"['Fe', 'Si', 'O']",203.77200000000002,4.676801521982056,14.25142860989228,spinel,8.334,(100)/2,4.167,1.1622390891840697,(100),MgO
Zn(RhO2)2,true,0.9323999999999999,3.01,stable,173.961478928745,0.3488110077866864,7.0,"['Rh', 'O', 'Zn']",335.198,7.1719159711749425,15.188116336593144,spinel,8.531,(100)/2,4.2655,1.1740986717267576,(100),MgO
CaZrO3,true,3.2122,0.0,metastable,0.0,0.0,5.0,"['Ca', 'Zr', 'O']",179.29900000000004,4.135496361472064,0.0,perovskite,4.16,(100),4.16,1.3282732447817847,(100),MgO
HfPbO3,true,2.4148999999999994,0.0,metastable,167.4399731680959,0.27677405848367415,5.0,"['Hf', 'Pb', 'O']",433.687,10.036049633632498,9.407415840713726,perovskite,4.155,(100),4.155,1.4468690702087272,(100),MgO
Mg(RhO2)2,true,1.1521,0.0,metastable,0.0,0.0,7.0,"['Rh', 'O', 'Mg']",294.113,6.23839282066766,0.0,spinel,8.556,(100)/2,4.278,1.470588235294103,(100),MgO
Cr2CuO4,true,0.0,0.0,stable,0.0,0.0,7.0,"['Cr', 'Cu', 'O']",231.53400000000002,5.379143682746767,0.0,spinel,8.3,(100)/2,4.15,1.5654648956356696,(100),MgO
V2ZnO4,true,0.0,0.0,metastable,0.0,0.0,7.0,"['V', 'Zn', 'O']",231.27,4.884105583373857,0.0,spinel,8.568,(100)/2,4.284,1.6129032258064426,(100),MgO
MgV2O4,true,0.0,0.0,metastable,0.0,0.0,7.0,"['Mg', 'V', 'O']",190.185,4.006090331712921,0.0,spinel,8.576,(100)/2,4.288,1.7077798861480091,(100),MgO
BaSnO3,true,0.37239999999999984,2.338,stable,133.95954237520777,0.2262107735408474,5.0,"['Ba', 'Sn', 'O']",304.034,7.097114448493584,10.083765683502808,perovskite,4.143,(100),4.143,1.7314990512334059,(100),MgO
SrHfO3,true,3.7226,0.0,metastable,163.23738362131766,0.24494953218661486,5.0,"['Sr', 'Hf', 'O']",314.107,7.34425703345636,8.78931784249842,perovskite,4.141,(100),4.141,1.7789373814041787,(100),MgO
V2FeO4,true,0.0,0.0,metastable,0.0,0.0,7.0,"['V', 'Fe', 'O']",221.725,4.580956136955703,0.0,spinel,6.077,(110)/2,4.297087909270649,1.9233375064195712,(100),MgO
BaNbO3,true,0.0,0.0,stable,167.45715176643,0.27301791065258435,5.0,"['Ba', 'Nb', 'O']",278.23,6.541520966089961,9.437799681952512,perovskite,4.134,(100),4.134,1.9449715370018938,(100),MgO
Mg2GeO4,true,3.0734000000000004,0.0,metastable,0.0,0.0,7.0,"['Mg', 'Ge', 'O']",185.246,4.382740779102948,0.0,spinel,8.25,(100)/2,4.125,2.1584440227704027,(100),MgO
Mn(RhO2)2,true,0.9305000000000003,0.0,metastable,0.0,0.0,7.0,"['Rh', 'O', 'Mn']",324.746,6.74114306428113,0.0,spinel,8.618,(100)/2,4.309,2.2058823529411757,(100),MgO
Cu(RhO2)2,true,0.0,0.0,metastable,0.0,0.0,7.0,"['Rh', 'O', 'Cu']",333.354,6.9041213455486785,0.0,spinel,8.624,(100)/2,4.312,2.2770398481973455,(100),MgO
Cr2CdO4,true,1.8717000000000001,2.277,stable,0.0,0.0,7.0,"['Cr', 'Cd', 'O']",280.399,5.790301382345762,0.0,spinel,8.633,(100)/2,4.3165,2.383776091081579,(100),MgO
SrSnO3,true,0.9698000000000002,0.0,metastable,0.0,0.0,5.0,"['Sr', 'Sn', 'O']",254.327,6.061480890045354,0.0,perovskite,4.115,(100),4.115,2.395635673624288,(100),MgO
Ni2GeO4,true,2.1356,2.1,stable,0.0,0.0,7.0,"['Ni', 'Ge', 'O']",254.02200000000002,6.073625217696281,0.0,spinel,8.221,(100)/2,4.1105,2.5023719165085425,(100),MgO
Co2SiO4,true,0.7812999999999999,0.0,metastable,0.0,0.0,7.0,"['Co', 'Si', 'O']",209.948,5.038448836382073,0.0,spinel,8.211,(100)/2,4.1055,2.620967741935485,(100),MgO
Ti2MnO4,true,0.0,0.0,metastable,0.0,0.0,7.0,"['Ti', 'Mn', 'O']",214.668,4.396980769311792,0.0,spinel,8.656,(100)/2,4.328,2.6565464895635693,(100),MgO
Mn(FeO2)2,true,0.9977000000000005,0.0,stable,157.9828746466025,0.33407749069171394,7.0,"['O', 'Fe', 'Mn']",230.62400000000002,5.494898879602974,17.604358992741183,spinel,5.801,(110)/2,4.101926437663162,2.7057296569458695,(100),MgO
TiCdO3,true,0.0,0.0,metastable,0.0,0.0,5.0,"['Ti', 'Cd', 'O']",208.27499999999998,5.035445983533509,0.0,perovskite,4.095,(100),4.095,2.8700189753320786,(100),MgO
Fe(NiO2)2,true,0.0,0.0,metastable,0.0,0.0,7.0,"['Ni', 'O', 'Fe']",237.227,5.73573982321581,0.0,spinel,8.19,(100)/2,4.095,2.8700189753320786,(100),MgO
MnAl2O4,true,2.6578,1.865,stable,180.21967796142005,0.3106325686314991,7.0,"['Mn', 'Al', 'O']",172.898,4.186127644323647,14.39168779056904,spinel,8.187,(100)/2,4.0935,2.9055977229601635,(100),MgO
Al2NiO4,true,3.12,0.0,metastable,136.12849956477442,0.31694535934622325,7.0,"['Al', 'Ni', 'O']",176.653,4.2988742747289805,19.589908635135547,spinel,5.787,(110)/2,4.092026942726551,2.940537411609332,(100),MgO
Pr3InO,true,0.0,0.0,stable,0.0,0.0,5.0,"['Pr', 'In', 'O']",553.5409999999999,7.292578792563416,0.0,perovskite,5.014,(111)/2,4.342251374575175,2.9945771958058636,(100),MgO
Zn2PdO4,true,0.0,0.0,metastable,0.0,0.0,7.0,"['Zn', 'Pd', 'O']",301.19599999999997,6.096810445379641,0.0,spinel,8.691,(100)/2,4.3455,3.0716318785578784,(100),MgO
Ca3GeO,true,0.0,0.0,stable,0.0,0.0,5.0,"['Ca', 'Ge', 'O']",208.87300000000002,3.309284015030698,0.0,perovskite,4.715,(111)/2,4.083309778843628,3.1473012608247752,(100),MgO
CaSnO3,true,0.0,0.0,metastable,0.0,0.0,5.0,"['Ca', 'Sn', 'O']",206.78500000000003,4.1717948788434365,0.0,perovskite,4.35,(100),4.35,3.1783681214421122,(100),MgO
MnV2O4,true,0.0,2.252,metastable,0.0,0.0,7.0,"['Mn', 'V', 'O']",220.818,4.452182790882661,0.0,spinel,8.702,(100)/2,4.351,3.2020872865275094,(100),MgO
SrMoO3,true,0.0,0.0,metastable,0.0,0.0,5.0,"['Sr', 'Mo', 'O']",231.55700000000002,5.659054699524615,0.0,perovskite,4.081,(100),4.081,3.2020872865275094,(100),MgO
Yb3PbO,true,0.0,0.0,stable,0.0,0.0,5.0,"['Yb', 'Pb', 'O']",742.319,11.79758318620723,0.0,perovskite,4.71,(111)/2,4.078979651824706,3.2500082584272896,(100),MgO
BaIrO3,true,0.0,0.0,metastable,0.0,0.0,5.0,"['Ba', 'Ir', 'O']",377.541,9.249072757378565,0.0,perovskite,4.077,(100),4.077,3.2969639468690755,(100),MgO
Mg2SiO4,true,4.7454,0.0,metastable,0.0,0.0,7.0,"['Mg', 'Si', 'O']",140.692,3.4482506933238994,0.0,spinel,8.153,(100)/2,4.0765,3.308823529411763,(100),MgO
TaSnO3,true,0.0,0.0,metastable,0.0,0.0,5.0,"['Ta', 'Sn', 'O']",347.65500000000003,8.546452732962305,0.0,perovskite,4.073,(100),4.073,3.3918406072106206,(100),MgO
SrNbO3,true,0.0,0.0,metastable,173.14219969671336,0.2985435637385295,5.0,"['Sr', 'Nb', 'O']",228.52300000000002,5.629866643903787,10.432844946317815,perovskite,4.07,(100),4.07,3.4629981024667913,(100),MgO
BaPbO3,true,0.0,0.0,metastable,0.0,0.0,5.0,"['Ba', 'Pb', 'O']",392.524,7.852241508861981,0.0,perovskite,4.362,(100),4.362,3.4629981024667913,(100),MgO
Yb3SnO,true,0.0,0.0,stable,0.0,0.0,5.0,"['Yb', 'Sn', 'O']",653.8290000000001,10.495650302902092,0.0,perovskite,4.694,(111)/2,4.065123245364155,3.5786706507553507,(100),MgO
Cd(FeO2)2,true,1.8272,0.0,stable,0.0,0.0,7.0,"['O', 'Fe', 'Cd']",288.097,5.740751105296045,0.0,spinel,8.736,(100)/2,4.368,3.6053130929791304,(100),MgO
Al2FeO4,true,0.0,0.0,stable,184.080885453734,0.3816893327680197,7.0,"['Al', 'Fe', 'O']",173.805,4.301896777867103,18.97104214066439,spinel,8.127,(100)/2,4.0635,3.617172675521818,(100),MgO
EuNbO3,true,0.0,0.0,metastable,0.0,0.0,5.0,"['Eu', 'Nb', 'O']",292.867,7.24970348697676,0.0,perovskite,4.063,(100),4.063,3.6290322580645267,(100),MgO
Eu3InO,true,0.0,0.0,stable,0.0,0.0,5.0,"['Eu', 'In', 'O']",586.7090000000001,7.552961565604926,0.0,perovskite,5.053,(111)/2,4.376026365322768,3.7956917771054983,(100),MgO
PrO2,true,0.0,0.0,metastable,0.0,0.0,3.0,"['Pr', 'O']",172.90599999999998,6.120398502877863,0.0,fluorite,5.725,(110)/2,4.048186322292985,3.980400325118966,(100),MgO
BaMoO3,true,0.0,0.0,stable,0.0,0.0,5.0,"['Ba', 'Mo', 'O']",281.264,7.039066312677537,0.0,perovskite,4.048,(100),4.048,3.9848197343453546,(100),MgO
MgAl2O4,true,5.1095,1.755,stable,180.37559125839107,0.27436279929441343,7.0,"['Mg', 'Al', 'O']",142.26500000000001,3.582135921104363,13.195893415300569,spinel,8.08,(100)/2,4.04,4.174573055028467,(100),MgO
Al2CoO4,true,3.0024000000000006,1.903,metastable,0.0,0.0,7.0,"['Al', 'Co', 'O']",176.893,4.4540196022213605,0.0,spinel,8.08,(100)/2,4.04,4.174573055028467,(100),MgO
Al2ZnO4,true,3.8459999999999996,1.857,stable,0.0,0.0,7.0,"['Al', 'Zn', 'O']",183.35,4.6258886627455835,0.0,spinel,8.075,(100)/2,4.0375,4.233870967741948,(100),MgO
Al2CuO4,true,0.0,0.0,metastable,185.44562842165755,0.3891753666790607,7.0,"['Al', 'Cu', 'O']",181.506,4.601210136571381,19.914722652507763,spinel,8.062,(100)/2,4.031,4.388045540796975,(100),MgO
Cd(RhO2)2,true,0.8366999999999996,3.122,stable,0.0,0.0,7.0,"['Rh', 'O', 'Cd']",382.219,7.419559621718397,0.0,spinel,8.812,(100)/2,4.406,4.5066413662238975,(100),MgO
Al2O,true,0.0,0.0,metastable,59.31448414122721,1.3864255163052894,3.0,"['Al', 'O']",69.963,2.520648916971109,-25.117091200825516,fluorite,5.691,(110)/2,4.024144691732642,4.550647729301654,(100),MgO
NbAgO3,true,1.3336000000000001,0.0,metastable,190.27186469032543,0.31692377387026516,5.0,"['Nb', 'Ag', 'O']",248.77100000000002,6.339902420894476,10.483203830158121,perovskite,4.024,(100),4.024,4.554079696394691,(100),MgO
CeGaO3,true,0.0,0.0,metastable,0.0,0.0,5.0,"['Ce', 'Ga', 'O']",257.836,4.9802944778903475,0.0,perovskite,4.413,(100),4.413,4.672675521821633,(100),MgO
Si(NiO2)2,true,3.576999999999999,0.0,metastable,198.54655479525292,0.28290368345666933,7.0,"['Ni', 'O', 'Si']",209.46800000000002,5.3781270243416115,12.580099116915724,spinel,8.028,(100)/2,4.014,4.791271347248576,(100),MgO
BaTiO3,true,1.6662999999999997,0.0,metastable,163.21127950924483,0.231580760465411,5.0,"['Ba', 'Ti', 'O']",233.19099999999997,6.015663613577288,9.30001206754057,perovskite,4.008,(100),4.008,4.933586337760915,(100),MgO
SbPbO3,false,0.0,0.0,metastable,0.0,0.0,5.0,"['Sb', 'Pb', 'O']",376.957,8.349657760296937,0.0,perovskite,4.217,(100),4.217,0.02371916508537585,(100),MgO
SrInO3,false,0.0,0.0,metastable,0.0,0.0,5.0,"['Sr', 'In', 'O']",250.435,5.555595225065164,0.0,perovskite,4.214,(100),4.214,0.047438330170772765,(100),MgO
EuSbO3,false,0.0,0.0,metastable,0.0,0.0,5.0,"['Eu', 'Sb', 'O']",321.721,7.115493196307717,0.0,perovskite,4.219,(100),4.219,0.07115749525616968,(100),MgO
LaSnO3,false,0.0,0.0,metastable,0.0,0.0,5.0,"['La', 'Sn', 'O']",305.613,6.784308009954025,0.0,perovskite,4.213,(100),4.213,0.07115749525616968,(100),MgO
ZrTlO3,false,0.0,0.0,metastable,0.0,0.0,5.0,"['Zr', 'Tl', 'O']",343.60400000000004,7.632104481985796,0.0,perovskite,4.213,(100),4.213,0.07115749525616968,(100),MgO
Ga2CuO4,false,0.0,0.0,metastable,0.0,0.0,7.0,"['Ga', 'Cu', 'O']",266.988,5.931922354717267,0.0,spinel,8.425,(100)/2,4.2125,0.0830170777988576,(100),MgO
BaScO3,false,0.0,0.0,metastable,0.0,0.0,5.0,"['Ba', 'Sc', 'O']",230.28000000000003,5.089365179865764,0.0,perovskite,4.22,(100),4.22,0.09487666034154553,(100),MgO
YbEuO3,false,0.0,0.0,metastable,0.0,0.0,5.0,"['Yb', 'Eu', 'O']",373.00100000000003,8.29168815831867,0.0,perovskite,4.212,(100),4.212,0.0948766603415666,(100),MgO
BaAuO3,false,0.0,0.0,metastable,0.0,0.0,5.0,"['Ba', 'Au', 'O']",382.291,8.49724724234547,0.0,perovskite,4.212,(100),4.212,0.0948766603415666,(100),MgO
SrSbO3,false,0.0,0.0,metastable,0.0,0.0,5.0,"['Sr', 'Sb', 'O']",257.377,5.733048487761328,0.0,perovskite,4.209,(100),4.209,0.16603415559773627,(100),MgO
Ga2NiO4,false,0.0,0.0,metastable,0.0,0.0,7.0,"['Ga', 'Ni', 'O']",262.135,5.852397344577308,0.0,spinel,8.411,(100)/2,4.2055,0.24905123339659385,(100),MgO
Mg2CoO4,false,0.7200000000000002,0.0,metastable,0.0,0.0,7.0,"['Mg', 'Co', 'O']",171.53900000000002,3.8322621909122683,0.0,spinel,8.409,(100)/2,4.2045,0.2727703984819697,(100),MgO
Fe2CuO4,false,0.0,0.0,metastable,159.1300225748797,0.3649609932265571,7.0,"['Fe', 'Cu', 'O']",239.232,5.407237882132467,18.70005667234081,spinel,5.943,(110)/2,4.202335600591652,0.32410814535931015,(100),MgO
AlCr2O4,false,0.0,0.0,metastable,0.0,0.0,7.0,"['Al', 'Cr', 'O']",194.97,4.368638012627416,0.0,spinel,8.401,(100)/2,4.2005,0.3676470588235363,(100),MgO
Mg(CuO2)2,false,0.0,0.0,metastable,0.0,0.0,7.0,"['O', 'Mg', 'Cu']",215.393,4.827739108836828,0.0,spinel,8.4,(100)/2,4.2,0.3795066413662242,(100),MgO
EuZrO3,false,0.3877000000000006,0.0,metastable,0.0,0.0,5.0,"['Eu', 'Zr', 'O']",291.185,6.538823412138973,0.0,perovskite,4.197,(100),4.197,0.4506641366223939,(100),MgO
Zn(CuO2)2,false,0.0,0.0,metastable,0.0,0.0,7.0,"['O', 'Cu', 'Zn']",256.478,5.7688237012183645,0.0,spinel,8.39,(100)/2,4.195,0.4981024667931666,(100),MgO
LaZrO3,false,0.0,0.0,metastable,0.0,0.0,5.0,"['La', 'Zr', 'O']",278.127,6.261569380374259,0.0,perovskite,4.194,(100),4.194,0.5218216318785636,(100),MgO
Al2CdO4,false,2.676,1.934,metastable,0.0,0.0,7.0,"['Al', 'Cd', 'O']",230.371,5.023274422650056,0.0,spinel,8.477,(100)/2,4.2385,0.5336812144212515,(100),MgO
Ca(CoO2)2,false,2.2920000000000003,0.0,metastable,0.0,0.0,7.0,"['O', 'Ca', 'Co']",221.94,4.837680261781055,0.0,spinel,8.478,(100)/2,4.239,0.5455407969639394,(100),MgO
GdErO3,false,0.36570000000000036,0.0,metastable,0.0,0.0,5.0,"['Gd', 'Er', 'O']",372.50600000000003,8.10838010579864,0.0,perovskite,4.241,(100),4.241,0.5929791271347122,(100),MgO
EuInO3,false,0.0,0.0,metastable,0.0,0.0,5.0,"['Eu', 'In', 'O']",314.779,7.0992596428165955,0.0,perovskite,4.191,(100),4.191,0.5929791271347333,(100),MgO
YbTmO3,false,0.0,0.0,metastable,0.0,0.0,5.0,"['Yb', 'Tm', 'O']",389.971,8.485646600281889,0.0,perovskite,4.242,(100),4.242,0.6166982922201091,(100),MgO
VO2,false,0.0,0.0,metastable,0.0,0.0,3.0,"['V', 'O']",82.94,3.745174533850451,0.0,fluorite,5.92,(110)/2,4.186072144624362,0.7098637423064179,(100),MgO
HoErO3,false,1.4474,0.0,metastable,0.0,0.0,5.0,"['Ho', 'Er', 'O']",380.186,8.244907443646573,0.0,perovskite,4.246,(100),4.246,0.7115749525616757,(100),MgO
HoSbO3,false,0.0,0.0,metastable,0.0,0.0,5.0,"['Ho', 'Sb', 'O']",334.687,7.258709678135883,0.0,perovskite,4.246,(100),4.246,0.7115749525616757,(100),MgO
DySbO3,false,0.0,0.0,metastable,0.0,0.0,5.0,"['Dy', 'Sb', 'O']",332.257,7.197205784014324,0.0,perovskite,4.248,(100),4.248,0.7590132827324484,(100),MgO
Ti2AlO4,false,0.0,0.0,metastable,207.9375180283982,0.34214526099095666,7.0,"['Ti', 'Al', 'O']",186.712,4.2369638857807725,13.134330117328675,spinel,8.365,(100)/2,4.1825,0.7945920303605333,(100),MgO
TbErO3,false,1.7284000000000002,0.0,metastable,0.0,0.0,5.0,"['Tb', 'Er', 'O']",374.181,8.095420538997141,0.0,perovskite,4.25,(100),4.25,0.8064516129032213,(100),MgO
Mg2FeO4,false,0.0,0.0,metastable,0.0,0.0,7.0,"['Mg', 'Fe', 'O']",168.451,3.6435657512723174,0.0,spinel,8.5,(100)/2,4.25,0.8064516129032213,(100),MgO
YSbO3,false,0.0,0.0,metastable,0.0,0.0,5.0,"['Y', 'Sb', 'O']",258.663,5.593683732708098,0.0,perovskite,4.25,(100),4.25,0.8064516129032213,(100),MgO
Mn2AlO4,false,0.0,0.0,metastable,0.0,0.0,7.0,"['Mn', 'Al', 'O']",200.854,4.345235042781955,0.0,spinel,8.5,(100)/2,4.25,0.8064516129032213,(100),MgO
V2SiO4,false,0.6528999999999998,0.0,metastable,0.0,0.0,7.0,"['V', 'Si', 'O']",193.966,4.405771188403584,0.0,spinel,8.363,(100)/2,4.1815,0.8183111954459301,(100),MgO
Ce3AlO,false,0.0,0.0,metastable,0.0,0.0,5.0,"['Ce', 'Al', 'O']",463.32900000000006,6.840366415089138,0.0,perovskite,4.827,(111)/2,4.180304624067485,0.8466645145283426,(100),MgO
Cd(CoO2)2,false,0.29269999999999996,0.0,stable,0.0,0.0,7.0,"['O', 'Cd', 'Co']",294.273,6.690790002378591,0.0,spinel,8.36,(100)/2,4.18,0.8538899430740151,(100),MgO
LaCdO3,false,0.0,0.0,metastable,0.0,0.0,5.0,"['La', 'Cd', 'O']",299.314,6.803894253349305,0.0,perovskite,4.18,(100),4.18,0.8538899430740151,(100),MgO
Mg(NiO2)2,false,0.0,0.0,metastable,0.0,0.0,7.0,"['Ni', 'O', 'Mg']",205.687,4.67881039024971,0.0,spinel,8.359,(100)/2,4.1795,0.8657495256167029,(100),MgO
Mg(GaO2)2,false,3.1080999999999994,0.0,metastable,162.4151195717358,0.2990364386655887,7.0,"['O', 'Ga', 'Mg']",227.747,5.189577976331799,14.426637488553371,spinel,8.354,(100)/2,4.177,0.9250474383301847,(100),MgO
Ga2CoO4,false,1.7927,2.09,stable,169.2359459912401,0.31137797496617015,7.0,"['Ga', 'Co', 'O']",262.375,5.989544234396211,14.48862895727472,spinel,8.349,(100)/2,4.1745,0.9843453510436454,(100),MgO
EuLuO3,false,0.0,0.0,metastable,0.0,0.0,5.0,"['Eu', 'Lu', 'O']",374.92800000000005,8.066880567105853,0.0,perovskite,4.258,(100),4.258,0.9962049335863332,(100),MgO
InBiO3,false,0.04519999999999946,0.0,metastable,0.0,0.0,5.0,"['In', 'Bi', 'O']",371.795,8.497249279925953,0.0,perovskite,4.173,(100),4.173,1.0199240986717302,(100),MgO
SbTeO3,false,0.0,0.0,metastable,0.0,0.0,5.0,"['Sb', 'Te', 'O']",297.357,6.794326249409314,0.0,perovskite,4.173,(100),4.173,1.0199240986717302,(100),MgO
BaHfO3,false,3.5394,2.156,stable,159.02154431001915,0.23446167510088908,5.0,"['Ba', 'Hf', 'O']",363.814,8.332451498508037,8.550653275438295,perovskite,4.17,(100),4.17,1.0910815939279,(100),MgO
PmErO3,false,1.6957999999999998,0.0,metastable,0.0,0.0,5.0,"['Pm', 'Er', 'O']",360.25600000000003,7.703569739272002,0.0,perovskite,4.266,(100),4.266,1.1859582542694453,(100),MgO
BaWO3,false,0.0,0.0,metastable,0.0,0.0,5.0,"['Ba', 'W', 'O']",369.16400000000004,8.488409149649463,0.0,perovskite,4.164,(100),4.164,1.2333965844402393,(100),MgO
YbNdO3,false,0.0,0.0,metastable,0.0,0.0,5.0,"['Yb', 'Nd', 'O']",365.277,8.407471151446897,0.0,perovskite,4.163,(100),4.163,1.2571157495256151,(100),MgO
EuCdO3,false,0.0,0.0,metastable,0.0,0.0,5.0,"['Eu', 'Cd', 'O']",312.372,7.187903433173979,0.0,perovskite,4.163,(100),4.163,1.2571157495256151,(100),MgO
EuTmO3,false,0.0,0.0,metastable,0.0,0.0,5.0,"['Eu', 'Tm', 'O']",368.89500000000004,7.876204539246209,0.0,perovskite,4.269,(100),4.269,1.2571157495256151,(100),MgO
SmSbO3,false,0.0,0.0,metastable,0.0,0.0,5.0,"['Sm', 'Sb', 'O']",320.117,6.832410945909324,0.0,perovskite,4.269,(100),4.269,1.2571157495256151,(100),MgO
CaInO3,false,0.0,0.0,metastable,0.0,0.0,5.0,"['Ca', 'In', 'O']",202.89300000000003,4.6706241919788285,0.0,perovskite,4.163,(100),4.163,1.2571157495256151,(100),MgO
GdZrO3,false,0.0,0.0,metastable,0.0,0.0,5.0,"['Gd', 'Zr', 'O']",296.471,6.826865628840743,0.0,perovskite,4.162,(100),4.162,1.280834914611012,(100),MgO
TbTeO3,false,0.0,0.0,metastable,0.0,0.0,5.0,"['Tb', 'Te', 'O']",334.522,7.1316928879254124,0.0,perovskite,4.271,(100),4.271,1.3045540796963877,(100),MgO
Mn(CoO2)2,false,0.0,0.0,metastable,0.0,0.0,7.0,"['O', 'Mn', 'Co']",236.8,5.045210197636765,0.0,spinel,8.543,(100)/2,4.2715,1.3164136622390759,(100),MgO
CaTmO3,false,0.0,0.0,metastable,0.0,0.0,5.0,"['Ca', 'Tm', 'O']",257.009,5.473601075707323,0.0,perovskite,4.272,(100),4.272,1.3282732447817847,(100),MgO
Ti2ZnO4,false,0.0,0.0,metastable,0.0,0.0,7.0,"['Ti', 'Zn', 'O']",225.12,4.795119393938517,0.0,spinel,8.544,(100)/2,4.272,1.3282732447817847,(100),MgO
ZrCdO3,false,0.0,0.0,metastable,0.0,0.0,5.0,"['Zr', 'Cd', 'O']",251.632,5.806339458576674,0.0,perovskite,4.159,(100),4.159,1.3519924098671816,(100),MgO
AlBiO3,false,0.0,0.0,metastable,0.0,0.0,5.0,"['Al', 'Bi', 'O']",283.959,6.037051899615939,0.0,perovskite,4.275,(100),4.275,1.3994307400379544,(100),MgO
NdInO3,false,1.6467999999999998,0.0,metastable,0.0,0.0,5.0,"['Nd', 'In', 'O']",307.055,7.103770977716351,0.0,perovskite,4.156,(100),4.156,1.4231499051233514,(100),MgO
SrTlO3,false,0.0,0.0,metastable,0.0,0.0,5.0,"['Sr', 'Tl', 'O']",340.00000000000006,7.2033278327533825,0.0,perovskite,4.28,(100),4.28,1.5180265654648968,(100),MgO
NdSbO3,false,0.0,0.0,metastable,0.0,0.0,5.0,"['Nd', 'Sb', 'O']",313.997,6.643062743880359,0.0,perovskite,4.282,(100),4.282,1.5654648956356696,(100),MgO
VCr2O4,false,0.0,0.0,metastable,0.0,0.0,7.0,"['V', 'Cr', 'O']",218.93,4.628554348521298,0.0,spinel,8.565,(100)/2,4.2825,1.5773244781783577,(100),MgO
PbAuO3,false,0.0,0.0,metastable,0.0,0.0,5.0,"['Pb', 'Au', 'O']",452.16400000000004,10.514280914279322,0.0,perovskite,4.149,(100),4.149,1.5891840607210665,(100),MgO
Co2CuO4,false,0.0,0.0,metastable,0.0,0.0,7.0,"['Co', 'Cu', 'O']",245.40800000000002,5.713238639035527,0.0,spinel,8.294,(100)/2,4.147,1.6366223908918394,(100),MgO
EuPbO3,false,0.0,0.0,metastable,0.0,0.0,5.0,"['Eu', 'Pb', 'O']",407.161,8.594428006411011,0.0,perovskite,4.285,(100),4.285,1.6366223908918394,(100),MgO
BaInO3,false,0.0,0.0,metastable,0.0,0.0,5.0,"['Ba', 'In', 'O']",300.142,6.331161973233718,0.0,perovskite,4.286,(100),4.286,1.6603415559772152,(100),MgO
PmInO3,false,1.6185,0.0,metastable,0.0,0.0,5.0,"['Pm', 'In', 'O']",307.815,7.17178954663811,0.0,perovskite,4.146,(100),4.146,1.6603415559772363,(100),MgO
ZrZnO3,false,0.0,0.0,metastable,0.0,0.0,5.0,"['Zr', 'Zn', 'O']",204.611,4.7781155825131005,0.0,perovskite,4.143,(100),4.143,1.7314990512334059,(100),MgO
YSnO3,false,0.0,0.0,metastable,0.0,0.0,5.0,"['Y', 'Sn', 'O']",255.613,5.97375729057571,0.0,perovskite,4.142,(100),4.142,1.7552182163187817,(100),MgO
SrScO3,false,0.0,0.0,metastable,0.0,0.0,5.0,"['Sr', 'Sc', 'O']",180.57300000000004,4.225974288378024,0.0,perovskite,4.14,(100),4.14,1.8026565464895756,(100),MgO
BaPtO3,false,0.0,0.0,metastable,0.0,0.0,5.0,"['Ba', 'Pt', 'O']",380.402,8.913980135863296,0.0,perovskite,4.138,(100),4.138,1.8500948766603484,(100),MgO
DySnO3,false,0.0,0.0,metastable,0.0,0.0,5.0,"['Dy', 'Sn', 'O']",329.207,7.712473706428706,0.0,perovskite,4.138,(100),4.138,1.8500948766603484,(100),MgO
GdCdO3,false,0.0,0.0,metastable,0.0,0.0,5.0,"['Gd', 'Cd', 'O']",317.658,7.442256580708544,0.0,perovskite,4.138,(100),4.138,1.8500948766603484,(100),MgO
SrAuO3,false,0.0,0.0,metastable,0.0,0.0,5.0,"['Sr', 'Au', 'O']",332.584,7.806570144195962,0.0,perovskite,4.136,(100),4.136,1.8975332068311213,(100),MgO
Al(CoO2)2,false,0.0,0.0,metastable,0.0,0.0,7.0,"['O', 'Al', 'Co']",208.844,4.9050166988066,0.0,spinel,8.27,(100)/2,4.135,1.921252371916518,(100),MgO
Mn2ZnO4,false,0.0,0.0,metastable,0.0,0.0,7.0,"['Mn', 'Zn', 'O']",239.26200000000003,5.004190848001296,0.0,spinel,8.596,(100)/2,4.298,1.9449715370018938,(100),MgO
MgZrO3,false,2.0552,0.0,metastable,0.0,0.0,5.0,"['Mg', 'Zr', 'O']",163.526,3.845387571401235,0.0,perovskite,4.133,(100),4.133,1.9686907020872908,(100),MgO
MgMn2O4,false,0.08299999999999974,0.0,metastable,0.0,0.0,7.0,"['Mg', 'Mn', 'O']",198.17700000000002,4.135722363543122,0.0,spinel,8.602,(100)/2,4.301,2.0161290322580636,(100),MgO
BaTaO3,false,0.0,0.0,metastable,0.0,0.0,5.0,"['Ba', 'Ta', 'O']",366.272,8.628535380730046,0.0,perovskite,4.131,(100),4.131,2.0161290322580636,(100),MgO
Cu(NiO2)2,false,0.0,0.0,metastable,0.0,0.0,7.0,"['Ni', 'O', 'Cu']",244.928,5.77318048870885,0.0,spinel,8.26,(100)/2,4.13,2.0398481973434603,(100),MgO
BaCdO3,false,0.0,0.0,metastable,0.0,0.0,5.0,"['Ba', 'Cd', 'O']",297.735,6.206805514125855,0.0,perovskite,4.303,(100),4.303,2.063567362428836,(100),MgO
SnPbO3,false,1.0389,0.0,metastable,0.0,0.0,5.0,"['Sn', 'Pb', 'O']",373.907,8.828742790401577,0.0,perovskite,4.128,(100),4.128,2.0872865275142334,(100),MgO
EuErO3,false,0.0,0.0,metastable,0.0,0.0,5.0,"['Eu', 'Er', 'O']",367.21999999999997,7.65006990830001,0.0,perovskite,4.304,(100),4.304,2.0872865275142334,(100),MgO
BaPdO3,false,0.0,0.0,metastable,0.0,0.0,5.0,"['Ba', 'Pd', 'O']",291.744,6.885721971520744,0.0,perovskite,4.128,(100),4.128,2.0872865275142334,(100),MgO
Zn2SiO4,false,2.3636,0.0,metastable,0.0,0.0,7.0,"['Zn', 'Si', 'O']",222.862,5.266284422734016,0.0,spinel,8.254,(100)/2,4.127,2.11100569259963,(100),MgO
PmWO3,false,0.0,0.0,metastable,0.0,0.0,5.0,"['Pm', 'W', 'O']",376.83700000000005,8.90032582576115,0.0,perovskite,4.127,(100),4.127,2.11100569259963,(100),MgO
PrHfO3,false,0.0,0.0,metastable,0.0,0.0,5.0,"['Pr', 'Hf', 'O']",367.39500000000004,8.686255885744457,0.0,perovskite,4.126,(100),4.126,2.134724857685006,(100),MgO
Al(CuO2)2,false,0.0,0.0,metastable,0.0,0.0,7.0,"['O', 'Cu', 'Al']",218.07,5.164855065139388,0.0,spinel,8.247,(100)/2,4.1235,2.1940227703984876,(100),MgO
DyInO3,false,1.5367000000000006,0.0,metastable,0.0,0.0,5.0,"['Dy', 'In', 'O']",325.315,7.714620905876316,0.0,perovskite,4.122,(100),4.122,2.2296015180265725,(100),MgO
CaHoO3,false,0.0,0.0,metastable,0.0,0.0,5.0,"['Ca', 'Ho', 'O']",253.005,5.242610785694643,0.0,perovskite,4.311,(100),4.311,2.2533206831119488,(100),MgO
YbInO3,false,0.0,0.0,metastable,0.0,0.0,5.0,"['Yb', 'In', 'O']",335.855,7.9754771294907005,0.0,perovskite,4.12,(100),4.12,2.2770398481973455,(100),MgO
BiMoO3,false,0.0,0.0,metastable,0.0,0.0,5.0,"['Bi', 'Mo', 'O']",352.917,8.400327969313365,0.0,perovskite,4.117,(100),4.117,2.3481973434535153,(100),MgO
SrTmO3,false,0.0,0.0,metastable,0.0,0.0,5.0,"['Sr', 'Tm', 'O']",304.551,6.28884423301585,0.0,perovskite,4.316,(100),4.316,2.3719165085388907,(100),MgO
SrYbO3,false,0.0,0.0,metastable,0.0,0.0,5.0,"['Sr', 'Yb', 'O']",308.657,6.375576154367508,0.0,perovskite,4.316,(100),4.316,2.3719165085388907,(100),MgO
BaZnO3,false,0.0,0.0,metastable,0.0,0.0,5.0,"['Ba', 'Zn', 'O']",250.714,5.975383989729056,0.0,perovskite,4.115,(100),4.115,2.395635673624288,(100),MgO
Cd(GaO2)2,false,1.5793000000000001,2.148,stable,0.0,0.0,7.0,"['O', 'Ga', 'Cd']",315.853,6.514222153939238,0.0,spinel,8.636,(100)/2,4.318,2.4193548387096637,(100),MgO
AlFe3O,false,0.0,0.0,metastable,0.0,0.0,5.0,"['Al', 'Fe', 'O']",210.516,5.0217736515980285,0.0,perovskite,4.114,(100),4.114,2.4193548387096846,(100),MgO
NbBiO3,false,0.0,0.0,metastable,0.0,0.0,5.0,"['Nb', 'Bi', 'O']",349.883,8.370278615233202,0.0,perovskite,4.11,(100),4.11,2.5142314990512302,(100),MgO
SrAgO3,false,0.0,0.0,metastable,112.04603084050277,0.3163293730833957,5.0,"['Sr', 'Ag', 'O']",243.485,5.8226371368457075,16.66875957468743,perovskite,4.11,(100),4.11,2.5142314990512302,(100),MgO
EuAuO3,false,0.0,0.0,metastable,0.0,0.0,5.0,"['Eu', 'Au', 'O']",396.92800000000005,9.496959262589133,0.0,perovskite,4.11,(100),4.11,2.5142314990512302,(100),MgO
NbTlO3,false,0.11160000000000014,0.0,metastable,0.0,0.0,5.0,"['Nb', 'Tl', 'O']",345.286,8.267313088456405,0.0,perovskite,4.109,(100),4.109,2.5379506641366274,(100),MgO
MoPbO3,false,0.0,0.0,metastable,0.0,0.0,5.0,"['Mo', 'Pb', 'O']",351.137,8.413561405503058,0.0,perovskite,4.108,(100),4.108,2.561669829222024,(100),MgO
LaAgO3,false,0.0,0.0,metastable,0.0,0.0,5.0,"['La', 'Ag', 'O']",294.771,7.0583472226186075,0.0,perovskite,4.108,(100),4.108,2.561669829222024,(100),MgO
YbCdO3,false,0.0,0.0,metastable,0.0,0.0,5.0,"['Yb', 'Cd', 'O']",333.44800000000004,7.990284409775507,0.0,perovskite,4.107,(100),4.107,2.5853889943074,(100),MgO
ScSnO3,false,0.0,0.0,metastable,0.0,0.0,5.0,"['Sc', 'Sn', 'O']",211.663,5.072076719298021,0.0,perovskite,4.107,(100),4.107,2.5853889943074,(100),MgO
InSbO3,false,0.0,0.0,metastable,0.0,0.0,5.0,"['In', 'Sb', 'O']",284.575,6.825218971911616,0.0,perovskite,4.106,(100),4.106,2.6091081593927967,(100),MgO
CaHfO3,false,3.6612,0.0,metastable,0.0,0.0,5.0,"['Ca', 'Hf', 'O']",266.565,6.398584471307642,0.0,perovskite,4.105,(100),4.105,2.6328273244781726,(100),MgO
YWO3,false,0.0,0.0,metastable,0.0,0.0,5.0,"['Y', 'W', 'O']",320.743,7.708549244752746,0.0,perovskite,4.103,(100),4.103,2.6802656546489665,(100),MgO
SrWO3,false,0.0,0.0,metastable,0.0,0.0,5.0,"['Sr', 'W', 'O']",319.45700000000005,7.689681846972675,0.0,perovskite,4.101,(100),4.101,2.7277039848197395,(100),MgO
EuMoO3,false,0.0,0.0,metastable,0.0,0.0,5.0,"['Eu', 'Mo', 'O']",295.901,7.128128081561703,0.0,perovskite,4.1,(100),4.1,2.7514231499051363,(100),MgO
EuWO3,false,0.0,0.0,metastable,0.0,0.0,5.0,"['Eu', 'W', 'O']",383.801,9.246005424573594,0.0,perovskite,4.1,(100),4.1,2.7514231499051363,(100),MgO
EuHfO3,false,0.4795999999999996,0.0,stable,0.0,0.0,5.0,"['Eu', 'Hf', 'O']",378.451,9.133639660900897,0.0,perovskite,4.098,(100),4.098,2.798861480075909,(100),MgO
HfCdO3,false,0.0,0.0,metastable,0.0,0.0,5.0,"['Hf', 'Cd', 'O']",338.898,8.176531700339828,0.0,perovskite,4.098,(100),4.098,2.798861480075909,(100),MgO
SrErO3,false,0.0,0.0,metastable,0.0,0.0,5.0,"['Sr', 'Er', 'O']",302.876,6.174505378718418,0.0,perovskite,4.335,(100),4.335,2.8225806451612847,(100),MgO
BaRhO3,false,0.0,0.0,metastable,0.0,0.0,5.0,"['Ba', 'Rh', 'O']",288.23,6.9727007498380615,0.0,perovskite,4.094,(100),4.094,2.8937381404174545,(100),MgO
Mg2SnO4,false,1.9033999999999995,0.0,metastable,0.0,0.0,7.0,"['Mg', 'Sn', 'O']",231.316,4.699005989078802,0.0,spinel,8.68,(100)/2,4.34,2.941176470588227,(100),MgO
Zn(NiO2)2,false,0.0,0.0,metastable,0.0,0.0,7.0,"['Ni', 'O', 'Zn']",246.772,5.98340181847923,0.0,spinel,8.183,(100)/2,4.0915,2.953036053130936,(100),MgO
LaPtO3,false,0.0,0.0,metastable,0.0,0.0,5.0,"['La', 'Pt', 'O']",381.98100000000005,9.276000520339739,0.0,perovskite,4.089,(100),4.089,3.012333965844397,(100),MgO
EuAgO3,false,0.0,0.0,metastable,0.0,0.0,5.0,"['Eu', 'Ag', 'O']",307.829,7.474642543153219,0.0,perovskite,4.089,(100),4.089,3.012333965844397,(100),MgO
YMoO3,false,0.0,0.0,metastable,0.0,0.0,5.0,"['Y', 'Mo', 'O']",232.84300000000002,5.658682029036143,0.0,perovskite,4.088,(100),4.088,3.0360531309297936,(100),MgO
Ni(RhO2)2,false,0.0,0.0,metastable,0.0,0.0,7.0,"['Rh', 'O', 'Ni']",328.501,6.8311094257875995,0.0,spinel,6.144,(110)/2,4.344464063610149,3.047060332309022,(100),MgO
PrNbO3,false,0.0,0.0,metastable,0.0,0.0,5.0,"['Pr', 'Nb', 'O']",281.811,6.855145839496563,0.0,perovskite,4.087,(100),4.087,3.0597722960151907,(100),MgO
CaYO3,false,0.0,0.0,metastable,0.0,0.0,5.0,"['Ca', 'Y', 'O']",176.981,3.581335142433154,0.0,perovskite,4.346,(100),4.346,3.0834914611005666,(100),MgO
CaScO3,false,0.0,0.0,metastable,0.0,0.0,5.0,"['Ca', 'Sc', 'O']",133.031,3.241227074842477,0.0,perovskite,4.085,(100),4.085,3.1072106261859638,(100),MgO
TaTlO3,false,0.6811000000000007,0.0,metastable,0.0,0.0,5.0,"['Ta', 'Tl', 'O']",433.32800000000003,10.572497647822221,0.0,perovskite,4.083,(100),4.083,3.1546489563567364,(100),MgO
BaTlO3,false,0.0,0.0,metastable,0.0,0.0,5.0,"['Ba', 'Tl', 'O']",389.70700000000005,7.8604738046438625,0.0,perovskite,4.35,(100),4.35,3.1783681214421122,(100),MgO
HoSnO3,false,0.0,0.0,metastable,0.0,0.0,5.0,"['Ho', 'Sn', 'O']",331.637,6.681846650800492,0.0,perovskite,4.352,(100),4.352,3.2258064516129057,(100),MgO
LaScO3,false,2.8177000000000003,0.0,metastable,0.0,0.0,5.0,"['La', 'Sc', 'O']",231.85900000000004,5.673387093636159,0.0,perovskite,4.079,(100),4.079,3.2495256166983033,(100),MgO
ScPdO3,false,0.0,0.0,metastable,0.0,0.0,5.0,"['Sc', 'Pd', 'O']",199.373,4.879050636926505,0.0,perovskite,4.079,(100),4.079,3.2495256166983033,(100),MgO
HfZnO3,false,0.0,0.0,metastable,0.0,0.0,5.0,"['Hf', 'Zn', 'O']",291.877,7.154294748629557,0.0,perovskite,4.077,(100),4.077,3.2969639468690755,(100),MgO
SrHoO3,false,0.0,0.0,metastable,0.0,0.0,5.0,"['Sr', 'Ho', 'O']",300.547,6.040663396361041,0.0,perovskite,4.355,(100),4.355,3.2969639468690755,(100),MgO
TlWO3,false,0.0,0.0,metastable,0.0,0.0,5.0,"['Tl', 'W', 'O']",436.22,10.687336371785316,0.0,perovskite,4.077,(100),4.077,3.2969639468690755,(100),MgO
ScBiO3,false,0.6896999999999993,0.0,metastable,0.0,0.0,5.0,"['Sc', 'Bi', 'O']",301.933,7.405007405474687,0.0,perovskite,4.076,(100),4.076,3.3206831119544726,(100),MgO
EuSnO3,false,0.0,0.0,metastable,0.0,0.0,5.0,"['Eu', 'Sn', 'O']",318.671,7.814337063803226,0.0,perovskite,4.076,(100),4.076,3.3206831119544726,(100),MgO
La3AlO,false,0.0,0.0,stable,0.0,0.0,5.0,"['La', 'Al', 'O']",459.69900000000007,5.994536311154249,0.0,perovskite,5.031,(111)/2,4.356973806439511,3.3437809876544238,(100),MgO
LaTaO3,false,0.0,0.0,metastable,0.0,0.0,5.0,"['La', 'Ta', 'O']",367.85100000000006,9.040122158092277,0.0,perovskite,4.073,(100),4.073,3.3918406072106206,(100),MgO
HfMgO3,false,1.2771999999999997,0.0,metastable,0.0,0.0,5.0,"['Hf', 'Mg', 'O']",250.79200000000003,6.165888288342769,0.0,perovskite,4.072,(100),4.072,3.4155597722960183,(100),MgO
BiPtO3,false,0.0,0.0,metastable,0.0,0.0,5.0,"['Bi', 'Pt', 'O']",452.055,11.128538791158809,0.0,perovskite,4.071,(100),4.071,3.4392789373814145,(100),MgO
SmAgO3,false,0.0,0.0,metastable,0.0,0.0,5.0,"['Sm', 'Ag', 'O']",306.225,7.548294383676719,0.0,perovskite,4.069,(100),4.069,3.4867172675521876,(100),MgO
Ca(NiO2)2,false,0.0,0.0,metastable,0.0,0.0,7.0,"['Ni', 'O', 'Ca']",221.46,4.425457010869222,0.0,spinel,8.728,(100)/2,4.364,3.5104364326375634,(100),MgO
EuPtO3,false,0.0,0.0,metastable,0.0,0.0,5.0,"['Eu', 'Pt', 'O']",395.03900000000004,9.75383455009428,0.0,perovskite,4.067,(100),4.067,3.5341555977229606,(100),MgO
SrTaO3,false,0.0,0.0,metastable,0.0,0.0,5.0,"['Sr', 'Ta', 'O']",316.565,7.815019078429382,0.0,perovskite,4.067,(100),4.067,3.5341555977229606,(100),MgO
TaInO3,false,0.0,0.0,metastable,0.0,0.0,5.0,"['Ta', 'In', 'O']",343.76300000000003,8.484693137654336,0.0,perovskite,4.067,(100),4.067,3.5341555977229606,(100),MgO
BaReO3,false,0.0,0.0,metastable,0.0,0.0,5.0,"['Ba', 'Re', 'O']",371.531,9.186494240340954,0.0,perovskite,4.065,(100),4.065,3.5815939278937328,(100),MgO
TePdO3,false,0.0,0.0,metastable,0.0,0.0,5.0,"['Te', 'Pd', 'O']",282.017,6.970549607483635,0.0,perovskite,4.065,(100),4.065,3.5815939278937328,(100),MgO
BaRuO3,false,0.0,0.0,metastable,0.0,0.0,5.0,"['Ba', 'Ru', 'O']",286.394,7.08696316067908,0.0,perovskite,4.064,(100),4.064,3.6053130929791304,(100),MgO
SrPtO3,false,0.0,0.0,metastable,0.0,0.0,5.0,"['Sr', 'Pt', 'O']",330.695,8.19084126274852,0.0,perovskite,4.062,(100),4.062,3.6527514231499034,(100),MgO
Co(NiO2)2,false,0.0,0.0,stable,0.0,0.0,7.0,"['Ni', 'O', 'Co']",240.315,5.955512332042933,0.0,spinel,8.123,(100)/2,4.0615,3.664611005692612,(100),MgO
SrDyO3,false,0.0,0.0,metastable,0.0,0.0,5.0,"['Sr', 'Dy', 'O']",298.117,5.919956586919827,0.0,perovskite,4.373,(100),4.373,3.7239089184060727,(100),MgO
BaTmO3,false,0.0,0.0,metastable,0.0,0.0,5.0,"['Ba', 'Tm', 'O']",354.258,7.02904506046517,0.0,perovskite,4.374,(100),4.374,3.7476280834914486,(100),MgO
Zn(IrO2)2,false,0.3452000000000002,0.0,metastable,0.0,0.0,7.0,"['Ir', 'O', 'Zn']",513.82,10.191484547303592,0.0,spinel,8.749,(100)/2,4.3745,3.759487666034157,(100),MgO
CdSnO3,false,0.0,0.0,metastable,0.0,0.0,5.0,"['Cd', 'Sn', 'O']",279.118,6.938980318308384,0.0,perovskite,4.057,(100),4.057,3.771347248576845,(100),MgO
SrCaO3,false,0.0,0.0,metastable,0.0,0.0,5.0,"['Sr', 'Ca', 'O']",175.695,3.4807723552883685,0.0,perovskite,4.376,(100),4.376,3.7950664136622425,(100),MgO
CeTaO3,false,0.0,0.0,metastable,0.0,0.0,5.0,"['Ce', 'Ta', 'O']",369.06100000000004,9.193428072048935,0.0,perovskite,4.055,(100),4.055,3.818785578747639,(100),MgO
YAgO3,false,0.0,0.0,metastable,0.0,0.0,5.0,"['Y', 'Ag', 'O']",244.77100000000002,6.098528684371441,0.0,perovskite,4.054,(100),4.054,3.8425047438330155,(100),MgO
NdTaO3,false,0.0,0.0,metastable,0.0,0.0,5.0,"['Nd', 'Ta', 'O']",373.185,9.307297227030249,0.0,perovskite,4.053,(100),4.053,3.866223908918412,(100),MgO
AlSbO3,false,0.0,0.0,metastable,0.0,0.0,5.0,"['Al', 'Sb', 'O']",196.73900000000003,4.911471828166962,0.0,perovskite,4.052,(100),4.052,3.889943074003809,(100),MgO
Cr2O,false,0.0,0.0,metastable,0.0,0.0,3.0,"['Cr', 'O']",119.991,4.242976719763524,0.0,fluorite,5.727,(110)/2,4.049600535855358,3.946856360167031,(100),MgO
YbScO3,false,0.0,0.0,metastable,0.0,0.0,5.0,"['Yb', 'Sc', 'O']",265.993,6.655432123073923,0.0,perovskite,4.049,(100),4.049,3.9611005692599575,(100),MgO
Zn2SnO4,false,0.4857999999999998,0.0,metastable,0.0,0.0,7.0,"['Zn', 'Sn', 'O']",313.486,6.1793594303645865,0.0,spinel,8.768,(100)/2,4.384,3.9848197343453546,(100),MgO
SrEuO3,false,0.0,0.0,metastable,0.0,0.0,5.0,"['Sr', 'Eu', 'O']",287.581,5.669031021371436,0.0,perovskite,4.384,(100),4.384,3.9848197343453546,(100),MgO
YbAuO3,false,0.0,0.0,metastable,0.0,0.0,5.0,"['Yb', 'Au', 'O']",418.004,10.471149071965039,0.0,perovskite,4.047,(100),4.047,4.008538899430751,(100),MgO
Ca(CuO2)2,false,0.0,0.0,metastable,0.0,0.0,7.0,"['O', 'Cu', 'Ca']",231.166,4.547589617364218,0.0,spinel,8.773,(100)/2,4.3865,4.044117647058815,(100),MgO
Al(NiO2)2,false,0.0,0.0,metastable,0.0,0.0,7.0,"['Ni', 'O', 'Al']",208.364,5.225528732168567,0.0,spinel,8.091,(100)/2,4.0455,4.044117647058836,(100),MgO
Co2NiO4,false,0.0,0.0,metastable,0.0,0.0,7.0,"['Co', 'Ni', 'O']",240.555,5.905141775913192,0.0,spinel,5.718,(110)/2,4.043236574824679,4.097804202450697,(100),MgO
Y(NiO2)2,false,0.0,0.0,metastable,0.0,0.0,7.0,"['Ni', 'O', 'Y']",270.288,5.308564454036807,0.0,spinel,8.778,(100)/2,4.389,4.103415559772297,(100),MgO
Mg(CoO2)2,false,0.0,0.0,stable,0.0,0.0,7.0,"['O', 'Mg', 'Co']",206.167,5.184362868440836,0.0,spinel,8.084,(100)/2,4.042,4.127134724857694,(100),MgO
SrPdO3,false,0.0,0.0,metastable,0.0,0.0,5.0,"['Sr', 'Pd', 'O']",242.03700000000003,6.09760384930354,0.0,perovskite,4.039,(100),4.039,4.1982922201138635,(100),MgO
BaErO3,false,0.0,0.0,metastable,0.0,0.0,5.0,"['Ba', 'Er', 'O']",352.583,6.8944015811351465,0.0,perovskite,4.395,(100),4.395,4.245730550284615,(100),MgO
AlSnO3,false,0.0,0.0,metastable,0.0,0.0,5.0,"['Al', 'Sn', 'O']",193.68900000000002,4.890131134048122,0.0,perovskite,4.037,(100),4.037,4.2457305502846365,(100),MgO
AlWO3,false,0.0,0.0,metastable,0.0,0.0,5.0,"['Al', 'W', 'O']",258.819,6.539337831097735,0.0,perovskite,4.036,(100),4.036,4.269449715370033,(100),MgO
BaYbO3,false,0.0,0.0,metastable,0.0,0.0,5.0,"['Ba', 'Yb', 'O']",358.364,6.996229679403861,0.0,perovskite,4.398,(100),4.398,4.316888045540785,(100),MgO
Zn(CoO2)2,false,0.0,0.0,metastable,0.0,0.0,7.0,"['O', 'Zn', 'Co']",247.252,6.256458009312368,0.0,spinel,8.067,(100)/2,4.0335,4.328747628083494,(100),MgO
BaMnO3,false,0.0,0.0,metastable,0.0,0.0,5.0,"['Ba', 'Mn', 'O']",240.262,6.080659114987635,0.0,perovskite,4.033,(100),4.033,4.340607210626182,(100),MgO
YbSnO3,false,1.7074999999999996,0.0,metastable,0.0,0.0,5.0,"['Yb', 'Sn', 'O']",339.747,8.608940673960896,0.0,perovskite,4.032,(100),4.032,4.364326375711578,(100),MgO
YbWO3,false,0.0,0.0,metastable,0.0,0.0,5.0,"['Yb', 'W', 'O']",404.877,10.25492365939475,0.0,perovskite,4.032,(100),4.032,4.364326375711578,(100),MgO
Y(CuO2)2,false,0.0,0.0,metastable,0.0,0.0,7.0,"['O', 'Cu', 'Y']",279.994,5.4544467026744545,0.0,spinel,8.802,(100)/2,4.401,4.388045540796955,(100),MgO
BaNiO3,false,0.0,0.0,metastable,0.0,0.0,5.0,"['Ba', 'Ni', 'O']",244.017,6.187792965000027,0.0,perovskite,4.031,(100),4.031,4.388045540796975,(100),MgO
InPtO3,false,0.0,0.0,metastable,0.0,0.0,5.0,"['In', 'Pt', 'O']",357.89300000000003,9.081170067199807,0.0,perovskite,4.03,(100),4.03,4.4117647058823515,(100),MgO
ZnSnO3,false,0.0,0.0,metastable,0.0,0.0,5.0,"['Zn', 'Sn', 'O']",232.09699999999998,5.893869473325446,0.0,perovskite,4.029,(100),4.029,4.435483870967748,(100),MgO
EuPdO3,false,0.0,0.0,metastable,0.0,0.0,5.0,"['Eu', 'Pd', 'O']",306.38100000000003,7.777221409122811,0.0,perovskite,4.029,(100),4.029,4.435483870967748,(100),MgO
ErTlO3,false,0.0,0.0,metastable,0.0,0.0,5.0,"['Er', 'Tl', 'O']",419.639,8.146911804794327,0.0,perovskite,4.406,(100),4.406,4.5066413662238975,(100),MgO
FeSnO3,false,0.0,0.0,metastable,0.0,0.0,5.0,"['Fe', 'Sn', 'O']",222.55200000000002,5.664124969489379,0.0,perovskite,4.026,(100),4.026,4.506641366223918,(100),MgO
SrMgO3,false,0.0,0.0,metastable,0.0,0.0,5.0,"['Sr', 'Mg', 'O']",159.92200000000003,4.070787384514324,0.0,perovskite,4.026,(100),4.026,4.506641366223918,(100),MgO
MgSnO3,false,0.8948999999999998,0.0,metastable,0.0,0.0,5.0,"['Mg', 'Sn', 'O']",191.012,4.863389810713269,0.0,perovskite,4.025,(100),4.025,4.530360531309293,(100),MgO
YBiO3,false,0.0,0.0,metastable,0.0,0.0,5.0,"['Y', 'Bi', 'O']",345.883,6.703400806382276,0.0,perovskite,4.409,(100),4.409,4.577798861480066,(100),MgO
ErTaO3,false,0.0,0.0,metastable,0.0,0.0,5.0,"['Er', 'Ta', 'O']",396.204,10.105336456427127,0.0,perovskite,4.023,(100),4.023,4.577798861480088,(100),MgO
ReBiO3,false,0.0,0.0,metastable,0.0,0.0,5.0,"['Re', 'Bi', 'O']",443.184,11.299064151299625,0.0,perovskite,4.023,(100),4.023,4.577798861480088,(100),MgO
PrTlO3,false,0.0,0.0,metastable,0.0,0.0,5.0,"['Pr', 'Tl', 'O']",393.288,6.516001688581736,0.0,perovskite,4.645,(111)/2,4.022688000578717,4.585199227260035,(100),MgO
Cd2SiO4,false,1.0232,0.0,metastable,0.0,0.0,7.0,"['Cd', 'Si', 'O']",316.904,6.138796949959464,0.0,spinel,8.819,(100)/2,4.4095,4.589658444022775,(100),MgO
CaCr2O4,false,2.1336000000000004,0.0,metastable,0.0,0.0,7.0,"['Ca', 'Cr', 'O']",208.066,4.022766764062386,0.0,spinel,8.824,(100)/2,4.412,4.648956356736236,(100),MgO
NdO2,false,0.0,0.0,metastable,0.0,0.0,3.0,"['Nd', 'O']",176.238,6.398729429785442,0.0,fluorite,5.677,(110)/2,4.01424519679603,4.785455483965138,(100),MgO
DyBiO3,false,0.0,0.0,metastable,0.0,0.0,5.0,"['Dy', 'Bi', 'O']",419.47700000000003,8.054787334038725,0.0,perovskite,4.422,(100),4.422,4.886148007590122,(100),MgO
EuIrO3,false,0.0,0.0,metastable,0.0,0.0,5.0,"['Eu', 'Ir', 'O']",392.17800000000005,10.095859304037548,0.0,perovskite,4.01,(100),4.01,4.886148007590142,(100),MgO
AlMoO3,false,0.0,0.0,metastable,0.0,0.0,5.0,"['Al', 'Mo', 'O']",170.91899999999998,4.409089114959139,0.0,perovskite,4.008,(100),4.008,4.933586337760915,(100),MgO
Cu2O,true,0.5126999999999997,3.241,stable,111.56776739083098,0.46347893197441437,3.0,"['Cu', 'O']",143.091,6.20494716806907,34.91413656581302,fluorite,4.247,(110),6.006164999398535,0.7352941176470478,(110),MgO
NO2,true,2.781,1.4,metastable,0.0,0.0,3.0,"['N', 'O']",46.005,1.4558426823939539,0.0,fluorite,8.571,(110)/2,6.060612221549899,1.6484819734345304,(110),MgO
Zr4Ni2O,true,0.0,0.0,metastable,0.0,0.0,7.0,"['Zr', 'Ni', 'O']",498.28100000000006,7.007984513634127,0.0,spinel,12.362,(100)/2,6.181,3.6676236839195875,(110),MgO
Cd2Ru2O7,true,0.0,0.0,stable,0.0,0.0,11.0,"['Cd', 'Ru', 'O']",538.955,6.846523377160267,0.0,pyrochlore,7.182,(111)/2,6.2197944499798385,4.318283519146013,(110),MgO
Ti4Cu2O,true,0.0,0.0,stable,0.0,0.0,7.0,"['Ti', 'Cu', 'O']",334.559,6.0022311740093715,0.0,spinel,11.398,(100)/2,5.699,4.4164718694939795,(110),MgO
MnO2,true,1.5739,0.0,metastable,87.15417935123298,0.22397931971363852,3.0,"['Mn', 'O']",86.936,4.444339739201422,20.226542092108847,fluorite,8.04,(110)/2,5.685138520739842,4.648956356736259,(110),MgO
Ti4Ni2O,true,0.0,0.0,metastable,0.0,0.0,7.0,"['Ti', 'Ni', 'O']",324.853,5.877844661911176,0.0,spinel,11.366,(100)/2,5.683,4.684823589109368,(110),MgO
Ti4Fe2O,true,0.0,0.0,metastable,0.0,0.0,7.0,"['Ti', 'Fe', 'O']",319.15700000000004,5.78615954652579,0.0,spinel,11.359,(100)/2,5.6795,4.7435255277752315,(110),MgO
CaSiO3,true,3.4579000000000004,0.0,metastable,0.0,0.0,5.0,"['Ca', 'Si', 'O']",116.161,4.10700725534391,0.0,perovskite,3.608,(111),6.249239313708509,4.812132257610359,(110),MgO
Zr4Pd2O,true,0.0,0.0,stable,0.0,0.0,7.0,"['Zr', 'Pd', 'O']",593.735,8.06030520567639,0.0,spinel,12.508,(100)/2,6.254,4.891978404664787,(110),MgO
TiO2,false,1.712,0.0,metastable,106.33359726402696,0.22224887034319663,3.0,"['Ti', 'O']",79.865,3.5314846430934614,14.263424769911598,fluorite,8.438,(110)/2,5.966567019652089,0.07115749525617697,(110),MgO
BPtO3,false,0.0,0.0,metastable,0.0,0.0,5.0,"['B', 'Pt', 'O']",253.88600000000002,10.291807458038486,0.0,perovskite,3.447,(111),5.97037913368992,0.13509420509504058,(110),MgO
ZrBO3,false,0.0,0.0,metastable,0.0,0.0,5.0,"['Zr', 'B', 'O']",150.03199999999998,6.076679151888352,0.0,perovskite,3.448,(111),5.972111184497488,0.1641441308870539,(110),MgO
SiO2,false,5.5865,0.0,metastable,0.0,0.0,3.0,"['Si', 'O']",60.084,2.6485810577552886,0.0,fluorite,8.447,(110)/2,5.972930980682767,0.17789373814040518,(110),MgO
Ti4Mn2O,false,0.0,0.0,metastable,0.0,0.0,7.0,"['Ti', 'Mn', 'O']",317.343,5.016766632908471,0.0,spinel,11.889,(100)/2,5.9445,0.2989501716453729,(110),MgO
BPdO3,false,0.0,0.0,metastable,0.0,0.0,5.0,"['B', 'Pd', 'O']",165.228,6.806833934712135,0.0,perovskite,3.429,(111),5.93920221915368,0.3878044591613329,(110),MgO
HfBO3,false,0.0,0.0,metastable,0.0,0.0,5.0,"['Hf', 'B', 'O']",237.298,9.806890138288503,0.0,perovskite,3.425,(111),5.932274015923404,0.5040041623294159,(110),MgO
CrO2,false,0.30179999999999996,0.0,metastable,0.0,0.0,3.0,"['Cr', 'O']",83.994,3.8016886429024734,0.0,fluorite,8.373,(110)/2,5.920605078874963,0.6997153700189817,(110),MgO
BIrO3,false,0.0,0.0,metastable,0.0,0.0,5.0,"['B', 'Ir', 'O']",251.02500000000003,10.460284216710495,0.0,perovskite,3.416,(111),5.916685558655284,0.76545349445761,(110),MgO
HoBO3,false,2.6416000000000004,0.0,metastable,0.0,0.0,5.0,"['Ho', 'B', 'O']",223.738,8.870328944168055,0.0,perovskite,3.473,(111),6.01541245468671,0.8903922756875652,(110),MgO
Lu2Co2O7,false,0.0,0.0,metastable,0.0,0.0,11.0,"['Lu', 'Co', 'O']",579.793,8.552691472350535,0.0,pyrochlore,6.821,(111)/2,5.907159279213656,0.9252280863137131,(110),MgO
GeBO3,false,0.0,0.0,metastable,0.0,0.0,5.0,"['Ge', 'B', 'O']",131.44799999999998,5.5177274881199905,0.0,perovskite,3.407,(111),5.9010971013871645,1.0269028265857894,(110),MgO
CaBO3,false,0.0,0.0,metastable,0.0,0.0,5.0,"['Ca', 'B', 'O']",98.886,3.8973665776244015,0.0,perovskite,3.48,(111),6.027536810339693,1.0937417562317178,(110),MgO
AgBO3,false,0.0,0.0,metastable,0.0,0.0,5.0,"['Ag', 'B', 'O']",166.676,6.548744367105115,0.0,perovskite,3.483,(111),6.0327329627624,1.1808915336077874,(110),MgO
MnBO3,false,0.0,0.0,metastable,0.0,0.0,5.0,"['Mn', 'B', 'O']",113.746,4.817452414888827,0.0,perovskite,3.397,(111),5.883776593311476,1.317402084505997,(110),MgO
SnBO3,false,0.0,0.0,metastable,0.0,0.0,5.0,"['Sn', 'B', 'O']",177.51799999999997,6.917640374340761,0.0,perovskite,3.493,(111),6.050053470838088,1.4713907915279802,(110),MgO
BAuO3,false,0.0,0.0,metastable,0.0,0.0,5.0,"['B', 'Au', 'O']",255.77500000000003,9.934466602061132,0.0,perovskite,3.497,(111),6.056981674068363,1.587590494696063,(110),MgO
CdBO3,false,0.0,0.0,metastable,0.0,0.0,5.0,"['Cd', 'B', 'O']",171.219,6.621547143902192,0.0,perovskite,3.502,(111),6.065641928106207,1.7328401236561592,(110),MgO
SiBO3,false,0.0,0.0,metastable,0.0,0.0,5.0,"['Si', 'B', 'O']",86.894,3.35776211805348,0.0,perovskite,3.503,(111),6.067373978913777,1.7618900494481875,(110),MgO
ZnBO3,false,0.0,0.0,metastable,0.0,0.0,5.0,"['Zn', 'B', 'O']",124.198,5.34742323855386,0.0,perovskite,3.379,(111),5.852599678775236,1.8403007487623704,(110),MgO
CuO2,false,0.0,0.0,metastable,0.0,0.0,3.0,"['Cu', 'O']",95.544,4.524967685413752,0.0,fluorite,8.247,(110)/2,5.831509624445458,2.1940227703984894,(110),MgO
GaBO3,false,0.0,0.0,metastable,0.0,0.0,5.0,"['Ga', 'B', 'O']",128.531,5.605211383792214,0.0,perovskite,3.364,(111),5.826618916661703,2.276049635642674,(110),MgO
BSbO3,false,1.4054000000000002,0.0,metastable,0.0,0.0,5.0,"['B', 'Sb', 'O']",180.56799999999998,6.870745471143401,0.0,perovskite,3.521,(111),6.0985508934500166,2.284788713704561,(110),MgO
YbSiO3,false,4.068899999999999,0.0,stable,0.0,0.0,5.0,"['Yb', 'Si', 'O']",249.123,9.44998283077612,0.0,perovskite,3.524,(111),6.103747045872724,2.371938491080631,(110),MgO
MgSiO3,false,4.4298,0.0,metastable,0.0,0.0,5.0,"['Mg', 'Si', 'O']",100.388,3.79871770962978,0.0,perovskite,3.527,(111),6.10894319829543,2.4590882684566857,(110),MgO
MgBO3,false,0.25429999999999975,0.0,metastable,0.0,0.0,5.0,"['Mg', 'B', 'O']",83.113,3.647354163171599,0.0,perovskite,3.357,(111),5.814494561008721,2.479399116186812,(110),MgO
CoBO3,false,0.0,0.0,metastable,0.0,0.0,5.0,"['Co', 'B', 'O']",117.741,5.178507210504986,0.0,perovskite,3.355,(111),5.811030459393583,2.5374989677708535,(110),MgO
CuBO3,false,0.0,0.0,metastable,0.0,0.0,5.0,"['Cu', 'B', 'O']",122.354,5.3996322964140955,0.0,perovskite,3.351,(111),5.804102256163308,2.6536986709389367,(110),MgO
TlBO3,false,0.0,0.0,metastable,0.0,0.0,5.0,"['Tl', 'B', 'O']",263.19100000000003,9.894355808092861,0.0,perovskite,3.535,(111),6.122799604755981,2.691487674792852,(110),MgO
ZnSiO3,false,0.0,0.0,metastable,0.0,0.0,5.0,"['Zn', 'Si', 'O']",141.473,5.286241207400336,0.0,perovskite,3.542,(111),6.134923960408963,2.8948371553369894,(110),MgO
BTeO3,false,0.0,0.0,metastable,0.0,0.0,5.0,"['B', 'Te', 'O']",186.40800000000002,6.960377106887915,0.0,perovskite,3.543,(111),6.136656011216532,2.923887081129018,(110),MgO
FeO2,false,0.0,0.0,metastable,0.0,0.0,3.0,"['Fe', 'O']",87.843,4.300834190468312,0.0,fluorite,8.157,(110)/2,5.767870014138668,3.2613851992409946,(110),MgO
AlSiO3,false,0.0,0.0,metastable,0.0,0.0,5.0,"['Al', 'Si', 'O']",103.065,3.796389442753493,0.0,perovskite,3.559,(111),6.164368824137634,3.38868589380135,(110),MgO
BPbO3,false,0.0,0.0,metastable,0.0,0.0,5.0,"['B', 'Pb', 'O']",266.008,9.741156187118827,0.0,perovskite,3.566,(111),6.176493179790616,3.5920353743454876,(110),MgO
GaSiO3,false,0.0,0.0,metastable,0.0,0.0,5.0,"['Ga', 'Si', 'O']",145.80599999999998,5.2922441146358805,0.0,perovskite,3.577,(111),6.195545738673873,3.9115845580577084,(110),MgO
ScSiO3,false,0.0,0.0,metastable,0.0,0.0,5.0,"['Sc', 'Si', 'O']",121.039,4.3714258353824675,0.0,perovskite,3.582,(111),6.204205992711718,4.056834187017819,(110),MgO
SiPdO3,false,0.0,0.0,metastable,0.0,0.0,5.0,"['Si', 'Pd', 'O']",182.503,6.504851022798701,0.0,perovskite,3.598,(111),6.23191880563282,4.521632999690151,(110),MgO
Eu2Ir2O7,true,0.0,0.0,stable,0.0,0.0,11.0,"['Eu', 'Ir', 'O']",800.3550000000001,9.628353608923153,0.0,pyrochlore,7.309,(100),7.309,0.09139273024134309,(111),MgO
Eu2Pt2O7,true,0.0,0.0,stable,0.0,0.0,11.0,"['Eu', 'Pt', 'O']",806.0770000000001,9.669502682355938,0.0,pyrochlore,7.309,(100),7.309,0.09139273024134309,(111),MgO
Sr3PbO,true,0.0,0.0,stable,0.0,0.0,5.0,"['Sr', 'Pb', 'O']",486.059,5.832228256708868,0.0,perovskite,5.173,(110),7.315726758156021,0.1835107480817673,(111),MgO
Sr3SnO,true,0.0,0.0,stable,0.0,0.0,5.0,"['Sr', 'Sn', 'O']",397.569,4.828065204758819,0.0,perovskite,5.152,(110),7.2860282733461865,0.2231882130065176,(111),MgO
Eu2Ru2O7,true,0.0,0.0,stable,0.0,0.0,11.0,"['Eu', 'Ru', 'O']",618.061,7.470572727386083,0.0,pyrochlore,7.277,(100),7.277,0.34682379286273757,(111),MgO
Sm2Ru2O7,true,0.0,0.0,metastable,0.0,0.0,11.0,"['Sm', 'Ru', 'O']",614.8530000000001,7.48961518735273,0.0,pyrochlore,7.277,(100),7.277,0.34682379286273757,(111),MgO
AgSbO3,true,0.0945999999999998,0.0,metastable,0.0,0.0,5.0,"['Ag', 'Sb', 'O']",277.625,6.786835394315514,0.0,perovskite,10.281,(110)/2,7.269764817378896,0.44590431074534725,(111),MgO
Nd2Ru2O7,true,0.0,0.0,metastable,0.0,0.0,11.0,"['Nd', 'Ru', 'O']",602.613,7.158895480516887,0.0,pyrochlore,7.338,(100),7.338,0.4885264543044147,(111),MgO
Gd2Ru2O7,true,0.0,0.0,metastable,0.0,0.0,11.0,"['Gd', 'Ru', 'O']",628.633,7.7791029096039,0.0,pyrochlore,7.237,(100),7.237,0.8945944467428385,(111),MgO
TcPbO3,true,0.0,0.0,metastable,0.0,0.0,5.0,"['Tc', 'Pb', 'O']",353.197,8.197885205224003,0.0,perovskite,10.461,(110)/2,7.397044037992474,1.297091236775891,(111),MgO
Ta2O,true,0.0,0.0,metastable,0.0,0.0,3.0,"['Ta', 'O']",377.89500000000004,11.778851561239746,0.0,fluorite,7.526,(100),7.526,3.0630485275408827,(111),MgO
Cd2BO4,true,1.2871,0.0,metastable,0.0,0.0,7.0,"['Cd', 'B', 'O']",299.629,5.6258288570818955,0.0,spinel,14.145,(100)/2,7.0725,3.1473012608247557,(111),MgO
AgAuO3,false,0.24230000000000018,0.0,metastable,125.87963855825825,0.3066834836986695,5.0,"['Ag', 'Au', 'O']",352.83200000000005,8.569172736555055,14.557194190920702,perovskite,10.304,(110)/2,7.2860282733461865,0.2231882130065176,(111),MgO
AgRuO3,false,0.0,0.0,metastable,0.0,0.0,5.0,"['Ag', 'Ru', 'O']",256.935,6.427025653696133,0.0,perovskite,10.203,(110)/2,7.214610488446344,1.201202381337892,(111),MgO
BaLa2O4,false,3.7033000000000005,1.991,stable,0.0,0.0,7.0,"['Ba', 'La', 'O']",479.135,5.497950504738885,0.0,spinel,7.412,(100),7.412,1.5019021639825982,(111),MgO
Pr2PdO4,false,0.0,0.0,metastable,0.0,0.0,7.0,"['Pr', 'Pd', 'O']",452.23199999999997,6.041243515854812,0.0,spinel,7.087,(100),7.087,2.9487343987932197,(111),MgO
